student_id,student_name,program,Сэдэв,committee,teacher_id,teacher_name,teacher_role,theory_6,plan_9,pres_5,total_20
S001,Батаа.Бат,Программ хангамж,Их сургуулийн сургалтын удирдлагын веб систем,Комисс А,T01,Д.Батболд,Удирдагч,3,6,3,12
S001,Батаа.Бат,Программ хангамж,Их сургуулийн сургалтын удирдлагын веб систем,Комисс А,T13,Т.Батцэцэг,Гишүүн,6,9,5,20
S001,Батаа.Бат,Программ хангамж,Их сургуулийн сургалтын удирдлагын веб систем,Комисс А,T20,Д.Алтанцэцэг,Гишүүн,6,9,5,20
S002,Дорж.Дэлгэр,Программ хангамж,Оюутны ирц бүртгэлийн QR кодтой гар утасны апп,Комисс А,T01,Д.Батболд,Удирдагч,2,3,2,7
S002,Дорж.Дэлгэр,Программ хангамж,Оюутны ирц бүртгэлийн QR кодтой гар утасны апп,Комисс А,T13,Т.Батцэцэг,Гишүүн,4,4,5,13
S002,Дорж.Дэлгэр,Программ хангамж,Оюутны ирц бүртгэлийн QR кодтой гар утасны апп,Комисс А,T20,Д.Алтанцэцэг,Гишүүн,6,9,5,20
S003,Мөнх.Мөнх,Программ хангамж,Дипломын ажлын үнэлгээний аналитик платформ,Комисс А,T01,Д.Батболд,Удирдагч,2,6,2,10
S003,Мөнх.Мөнх,Программ хангамж,Дипломын ажлын үнэлгээний аналитик платформ,Комисс А,T13,Т.Батцэцэг,Гишүүн,6,6,5,17
S003,Мөнх.Мөнх,Программ хангамж,Дипломын ажлын үнэлгээний аналитик платформ,Комисс А,T20,Д.Алтанцэцэг,Гишүүн,4,9,5,18
S004,Ган.Ганбаяр,Программ хангамж,Монгол хэлний мэдрэмжийн шинжилгээний машин сургалтын загвар,Комисс А,T01,Д.Батболд,Удирдагч,3,5,3,11
S004,Ган.Ганбаяр,Программ хангамж,Монгол хэлний мэдрэмжийн шинжилгээний машин сургалтын загвар,Комисс А,T13,Т.Батцэцэг,Гишүүн,6,9,5,20
S004,Ган.Ганбаяр,Программ хангамж,Монгол хэлний мэдрэмжийн шинжилгээний машин сургалтын загвар,Комисс А,T20,Д.Алтанцэцэг,Гишүүн,5,9,5,19
S005,Нар.Энхболд,Программ хангамж,Кибер халдлага илрүүлэх сүлжээний траффик шинжилгээ,Комисс А,T01,Д.Батболд,Удирдагч,3,5,3,11
S005,Нар.Энхболд,Программ хангамж,Кибер халдлага илрүүлэх сүлжээний траффик шинжилгээ,Комисс А,T13,Т.Батцэцэг,Гишүүн,4,8,0,12
S005,Нар.Энхболд,Программ хангамж,Кибер халдлага илрүүлэх сүлжээний траффик шинжилгээ,Комисс А,T20,Д.Алтанцэцэг,Гишүүн,6,7,5,18
S006,Энх.Номин,Программ хангамж,Жижиг бизнесийн бараа материалын ERP модуль,Комисс А,T01,Д.Батболд,Удирдагч,2,4,3,9
S006,Энх.Номин,Программ хангамж,Жижиг бизнесийн бараа материалын ERP модуль,Комисс А,T13,Т.Батцэцэг,Гишүүн,6,6,5,17
S006,Энх.Номин,Программ хангамж,Жижиг бизнесийн бараа материалын ERP модуль,Комисс А,T20,Д.Алтанцэцэг,Гишүүн,5,7,3,15
S007,Туул.Туяа,Программ хангамж,Програмын кодын чанар үнэлэх автоматжуулсан хэрэгсэл,Комисс А,T01,Д.Батболд,Удирдагч,3,4,2,9
S007,Туул.Туяа,Программ хангамж,Програмын кодын чанар үнэлэх автоматжуулсан хэрэгсэл,Комисс А,T13,Т.Батцэцэг,Гишүүн,5,8,2,15
S007,Туул.Туяа,Программ хангамж,Програмын кодын чанар үнэлэх автоматжуулсан хэрэгсэл,Комисс А,T20,Д.Алтанцэцэг,Гишүүн,5,9,5,19
S008,Ус.Оюун,Программ хангамж,Эмнэлгийн цаг захиалгын микросервис архитектур,Комисс А,T01,Д.Батболд,Удирдагч,3,4,3,10
S008,Ус.Оюун,Программ хангамж,Эмнэлгийн цаг захиалгын микросервис архитектур,Комисс А,T13,Т.Батцэцэг,Гишүүн,4,7,5,16
S008,Ус.Оюун,Программ хангамж,Эмнэлгийн цаг захиалгын микросервис архитектур,Комисс А,T20,Д.Алтанцэцэг,Гишүүн,5,9,5,19
S009,Гол.Сэлэнгэ,Программ хангамж,Сургалтын чатботын RAG архитектурын туршилт,Комисс А,T01,Д.Батболд,Удирдагч,3,6,4,13
S009,Гол.Сэлэнгэ,Программ хангамж,Сургалтын чатботын RAG архитектурын туршилт,Комисс А,T13,Т.Батцэцэг,Гишүүн,3,8,4,15
S009,Гол.Сэлэнгэ,Программ хангамж,Сургалтын чатботын RAG архитектурын туршилт,Комисс А,T20,Д.Алтанцэцэг,Гишүүн,6,8,5,19
S010,Тал.Анар,Программ хангамж,IoT төхөөрөмжийн өгөгдөл цуглуулах хяналтын самбар,Комисс А,T01,Д.Батболд,Удирдагч,3,4,2,9
S010,Тал.Анар,Программ хангамж,IoT төхөөрөмжийн өгөгдөл цуглуулах хяналтын самбар,Комисс А,T13,Т.Батцэцэг,Гишүүн,6,8,2,16
S010,Тал.Анар,Программ хангамж,IoT төхөөрөмжийн өгөгдөл цуглуулах хяналтын самбар,Комисс А,T20,Д.Алтанцэцэг,Гишүүн,5,7,4,16
S011,Уул.Нарантуяа,Программ хангамж,Блокчэйнд суурилсан гэрчилгээ баталгаажуулах систем,Комисс А,T01,Д.Батболд,Удирдагч,3,5,3,11
S011,Уул.Нарантуяа,Программ хангамж,Блокчэйнд суурилсан гэрчилгээ баталгаажуулах систем,Комисс А,T13,Т.Батцэцэг,Гишүүн,5,7,5,17
S011,Уул.Нарантуяа,Программ хангамж,Блокчэйнд суурилсан гэрчилгээ баталгаажуулах систем,Комисс А,T20,Д.Алтанцэцэг,Гишүүн,6,7,4,17
S012,Арвай.Болд,Программ хангамж,Зургийн ангиллын конволюцийн мэдрэлийн сүлжээ,Комисс А,T01,Д.Батболд,Удирдагч,3,5,3,11
S012,Арвай.Болд,Программ хангамж,Зургийн ангиллын конволюцийн мэдрэлийн сүлжээ,Комисс А,T13,Т.Батцэцэг,Гишүүн,4,9,4,17
S012,Арвай.Болд,Программ хангамж,Зургийн ангиллын конволюцийн мэдрэлийн сүлжээ,Комисс А,T20,Д.Алтанцэцэг,Гишүүн,6,9,5,20
S013,Буян.Дорж,Программ хангамж,Цахим худалдааны зөвлөмжийн систем,Комисс А,T01,Д.Батболд,Удирдагч,3,4,2,9
S013,Буян.Дорж,Программ хангамж,Цахим худалдааны зөвлөмжийн систем,Комисс А,T13,Т.Батцэцэг,Гишүүн,4,8,5,17
S013,Буян.Дорж,Программ хангамж,Цахим худалдааны зөвлөмжийн систем,Комисс А,T20,Д.Алтанцэцэг,Гишүүн,6,9,4,19
S014,Бат.Гэрэлмаа,Программ хангамж,Сүлжээний эмзэг байдлын сканнерын прототип,Комисс А,T01,Д.Батболд,Удирдагч,4,5,2,11
S014,Бат.Гэрэлмаа,Программ хангамж,Сүлжээний эмзэг байдлын сканнерын прототип,Комисс А,T13,Т.Батцэцэг,Гишүүн,3,8,4,15
S014,Бат.Гэрэлмаа,Программ хангамж,Сүлжээний эмзэг байдлын сканнерын прототип,Комисс А,T20,Д.Алтанцэцэг,Гишүүн,6,9,5,20
S015,Дэлгэр.Сувд,Программ хангамж,Их хэмжээний лог өгөгдөл боловсруулах ETL pipeline,Комисс А,T01,Д.Батболд,Удирдагч,3,5,2,10
S015,Дэлгэр.Сувд,Программ хангамж,Их хэмжээний лог өгөгдөл боловсруулах ETL pipeline,Комисс А,T13,Т.Батцэцэг,Гишүүн,6,8,4,18
S015,Дэлгэр.Сувд,Программ хангамж,Их хэмжээний лог өгөгдөл боловсруулах ETL pipeline,Комисс А,T20,Д.Алтанцэцэг,Гишүүн,6,9,5,20
S016,Зул.Баяр,Программ хангамж,Санхүүгийн гүйлгээний аномали илрүүлэх загвар,Комисс А,T01,Д.Батболд,Удирдагч,3,4,3,10
S016,Зул.Баяр,Программ хангамж,Санхүүгийн гүйлгээний аномали илрүүлэх загвар,Комисс А,T13,Т.Батцэцэг,Гишүүн,6,7,3,16
S016,Зул.Баяр,Программ хангамж,Санхүүгийн гүйлгээний аномали илрүүлэх загвар,Комисс А,T20,Д.Алтанцэцэг,Гишүүн,5,9,5,19
S017,Цэдэн.Билгүүн,Программ хангамж,Монгол хэлний OCR системийн гүйцэтгэлийн харьцуулалт,Комисс А,T01,Д.Батболд,Удирдагч,5,5,3,13
S017,Цэдэн.Билгүүн,Программ хангамж,Монгол хэлний OCR системийн гүйцэтгэлийн харьцуулалт,Комисс А,T13,Т.Батцэцэг,Гишүүн,6,8,2,16
S017,Цэдэн.Билгүүн,Программ хангамж,Монгол хэлний OCR системийн гүйцэтгэлийн харьцуулалт,Комисс А,T20,Д.Алтанцэцэг,Гишүүн,6,9,5,20
S018,Пунцаг.Цэцэг,Программ хангамж,Контейнер орчны CI/CD дамжлагын автоматжуулалт,Комисс А,T01,Д.Батболд,Удирдагч,2,4,1,7
S018,Пунцаг.Цэцэг,Программ хангамж,Контейнер орчны CI/CD дамжлагын автоматжуулалт,Комисс А,T13,Т.Батцэцэг,Гишүүн,5,6,3,14
S018,Пунцаг.Цэцэг,Программ хангамж,Контейнер орчны CI/CD дамжлагын автоматжуулалт,Комисс А,T20,Д.Алтанцэцэг,Гишүүн,6,9,4,19
S019,Бадам.Бямба,Программ хангамж,Ухаалаг зогсоолын IoT ба мобайл аппликейшн,Комисс А,T01,Д.Батболд,Удирдагч,2,6,3,11
S019,Бадам.Бямба,Программ хангамж,Ухаалаг зогсоолын IoT ба мобайл аппликейшн,Комисс А,T13,Т.Батцэцэг,Гишүүн,6,9,5,20
S019,Бадам.Бямба,Программ хангамж,Ухаалаг зогсоолын IoT ба мобайл аппликейшн,Комисс А,T20,Д.Алтанцэцэг,Гишүүн,6,9,5,20
S020,Содном.Далай,Программ хангамж,Оюутны сурлагын амжилтыг таамаглах өгөгдлийн загвар,Комисс А,T01,Д.Батболд,Удирдагч,2,3,3,8
S020,Содном.Далай,Программ хангамж,Оюутны сурлагын амжилтыг таамаглах өгөгдлийн загвар,Комисс А,T13,Т.Батцэцэг,Гишүүн,6,4,3,13
S020,Содном.Далай,Программ хангамж,Оюутны сурлагын амжилтыг таамаглах өгөгдлийн загвар,Комисс А,T20,Д.Алтанцэцэг,Гишүүн,6,9,4,19
S021,Гантулга.Эрдэнэ,Программ хангамж,Их сургуулийн сургалтын удирдлагын веб систем,Комисс А,T01,Д.Батболд,Удирдагч,2,5,2,9
S021,Гантулга.Эрдэнэ,Программ хангамж,Их сургуулийн сургалтын удирдлагын веб систем,Комисс А,T13,Т.Батцэцэг,Гишүүн,6,8,3,17
S021,Гантулга.Эрдэнэ,Программ хангамж,Их сургуулийн сургалтын удирдлагын веб систем,Комисс А,T20,Д.Алтанцэцэг,Гишүүн,4,6,5,15
S022,Мөнхбат.Лхагва,Программ хангамж,Оюутны ирц бүртгэлийн QR кодтой гар утасны апп,Комисс А,T01,Д.Батболд,Удирдагч,2,4,1,7
S022,Мөнхбат.Лхагва,Программ хангамж,Оюутны ирц бүртгэлийн QR кодтой гар утасны апп,Комисс А,T13,Т.Батцэцэг,Гишүүн,6,7,5,18
S022,Мөнхбат.Лхагва,Программ хангамж,Оюутны ирц бүртгэлийн QR кодтой гар утасны апп,Комисс А,T20,Д.Алтанцэцэг,Гишүүн,4,9,4,17
S023,Отгон.Мягмар,Программ хангамж,Дипломын ажлын үнэлгээний аналитик платформ,Комисс А,T01,Д.Батболд,Удирдагч,3,4,1,8
S023,Отгон.Мягмар,Программ хангамж,Дипломын ажлын үнэлгээний аналитик платформ,Комисс А,T13,Т.Батцэцэг,Гишүүн,5,9,2,16
S023,Отгон.Мягмар,Программ хангамж,Дипломын ажлын үнэлгээний аналитик платформ,Комисс А,T20,Д.Алтанцэцэг,Гишүүн,6,9,5,20
S024,Хасбаатар.Пүрэв,Программ хангамж,Монгол хэлний мэдрэмжийн шинжилгээний машин сургалтын загвар,Комисс А,T01,Д.Батболд,Удирдагч,4,6,3,13
S024,Хасбаатар.Пүрэв,Программ хангамж,Монгол хэлний мэдрэмжийн шинжилгээний машин сургалтын загвар,Комисс А,T13,Т.Батцэцэг,Гишүүн,6,9,5,20
S024,Хасбаатар.Пүрэв,Программ хангамж,Монгол хэлний мэдрэмжийн шинжилгээний машин сургалтын загвар,Комисс А,T20,Д.Алтанцэцэг,Гишүүн,6,9,5,20
S025,Баатар.Лувсан,Программ хангамж,Кибер халдлага илрүүлэх сүлжээний траффик шинжилгээ,Комисс А,T01,Д.Батболд,Удирдагч,3,5,2,10
S025,Баатар.Лувсан,Программ хангамж,Кибер халдлага илрүүлэх сүлжээний траффик шинжилгээ,Комисс А,T13,Т.Батцэцэг,Гишүүн,5,9,5,19
S025,Баатар.Лувсан,Программ хангамж,Кибер халдлага илрүүлэх сүлжээний траффик шинжилгээ,Комисс А,T20,Д.Алтанцэцэг,Гишүүн,4,8,5,17
S026,Батаа.Бат,Мэдээллийн систем,Жижиг бизнесийн бараа материалын ERP модуль,Комисс Б,T02,Г.Сүхбаатар,Удирдагч,4,5,2,11
S026,Батаа.Бат,Мэдээллийн систем,Жижиг бизнесийн бараа материалын ERP модуль,Комисс Б,T11,Р.Буянтогтох,Гишүүн,5,9,4,18
S026,Батаа.Бат,Мэдээллийн систем,Жижиг бизнесийн бараа материалын ERP модуль,Комисс Б,T21,Н.Батжаргал,Гишүүн,5,9,5,19
S027,Дорж.Дэлгэр,Мэдээллийн систем,Програмын кодын чанар үнэлэх автоматжуулсан хэрэгсэл,Комисс Б,T02,Г.Сүхбаатар,Удирдагч,5,5,2,12
S027,Дорж.Дэлгэр,Мэдээллийн систем,Програмын кодын чанар үнэлэх автоматжуулсан хэрэгсэл,Комисс Б,T11,Р.Буянтогтох,Гишүүн,5,8,4,17
S027,Дорж.Дэлгэр,Мэдээллийн систем,Програмын кодын чанар үнэлэх автоматжуулсан хэрэгсэл,Комисс Б,T21,Н.Батжаргал,Гишүүн,6,9,5,20
S028,Мөнх.Мөнх,Мэдээллийн систем,Эмнэлгийн цаг захиалгын микросервис архитектур,Комисс Б,T02,Г.Сүхбаатар,Удирдагч,3,5,3,11
S028,Мөнх.Мөнх,Мэдээллийн систем,Эмнэлгийн цаг захиалгын микросервис архитектур,Комисс Б,T11,Р.Буянтогтох,Гишүүн,5,7,5,17
S028,Мөнх.Мөнх,Мэдээллийн систем,Эмнэлгийн цаг захиалгын микросервис архитектур,Комисс Б,T21,Н.Батжаргал,Гишүүн,5,9,4,18
S029,Ган.Ганбаяр,Мэдээллийн систем,Сургалтын чатботын RAG архитектурын туршилт,Комисс Б,T02,Г.Сүхбаатар,Удирдагч,4,6,3,13
S029,Ган.Ганбаяр,Мэдээллийн систем,Сургалтын чатботын RAG архитектурын туршилт,Комисс Б,T11,Р.Буянтогтох,Гишүүн,6,7,3,16
S029,Ган.Ганбаяр,Мэдээллийн систем,Сургалтын чатботын RAG архитектурын туршилт,Комисс Б,T21,Н.Батжаргал,Гишүүн,6,9,5,20
S030,Нар.Энхболд,Мэдээллийн систем,IoT төхөөрөмжийн өгөгдөл цуглуулах хяналтын самбар,Комисс Б,T02,Г.Сүхбаатар,Удирдагч,3,6,2,11
S030,Нар.Энхболд,Мэдээллийн систем,IoT төхөөрөмжийн өгөгдөл цуглуулах хяналтын самбар,Комисс Б,T11,Р.Буянтогтох,Гишүүн,5,8,2,15
S030,Нар.Энхболд,Мэдээллийн систем,IoT төхөөрөмжийн өгөгдөл цуглуулах хяналтын самбар,Комисс Б,T21,Н.Батжаргал,Гишүүн,6,9,5,20
S031,Энх.Номин,Мэдээллийн систем,Блокчэйнд суурилсан гэрчилгээ баталгаажуулах систем,Комисс Б,T02,Г.Сүхбаатар,Удирдагч,2,5,3,10
S031,Энх.Номин,Мэдээллийн систем,Блокчэйнд суурилсан гэрчилгээ баталгаажуулах систем,Комисс Б,T11,Р.Буянтогтох,Гишүүн,4,9,4,17
S031,Энх.Номин,Мэдээллийн систем,Блокчэйнд суурилсан гэрчилгээ баталгаажуулах систем,Комисс Б,T21,Н.Батжаргал,Гишүүн,5,9,5,19
S032,Туул.Туяа,Мэдээллийн систем,Зургийн ангиллын конволюцийн мэдрэлийн сүлжээ,Комисс Б,T02,Г.Сүхбаатар,Удирдагч,2,4,3,9
S032,Туул.Туяа,Мэдээллийн систем,Зургийн ангиллын конволюцийн мэдрэлийн сүлжээ,Комисс Б,T11,Р.Буянтогтох,Гишүүн,4,9,4,17
S032,Туул.Туяа,Мэдээллийн систем,Зургийн ангиллын конволюцийн мэдрэлийн сүлжээ,Комисс Б,T21,Н.Батжаргал,Гишүүн,4,9,5,18
S033,Ус.Оюун,Мэдээллийн систем,Цахим худалдааны зөвлөмжийн систем,Комисс Б,T02,Г.Сүхбаатар,Удирдагч,4,4,2,10
S033,Ус.Оюун,Мэдээллийн систем,Цахим худалдааны зөвлөмжийн систем,Комисс Б,T11,Р.Буянтогтох,Гишүүн,6,7,5,18
S033,Ус.Оюун,Мэдээллийн систем,Цахим худалдааны зөвлөмжийн систем,Комисс Б,T21,Н.Батжаргал,Гишүүн,6,9,5,20
S034,Гол.Сэлэнгэ,Мэдээллийн систем,Сүлжээний эмзэг байдлын сканнерын прототип,Комисс Б,T02,Г.Сүхбаатар,Удирдагч,3,6,5,14
S034,Гол.Сэлэнгэ,Мэдээллийн систем,Сүлжээний эмзэг байдлын сканнерын прототип,Комисс Б,T11,Р.Буянтогтох,Гишүүн,6,8,5,19
S034,Гол.Сэлэнгэ,Мэдээллийн систем,Сүлжээний эмзэг байдлын сканнерын прототип,Комисс Б,T21,Н.Батжаргал,Гишүүн,6,9,5,20
S035,Тал.Анар,Мэдээллийн систем,Их хэмжээний лог өгөгдөл боловсруулах ETL pipeline,Комисс Б,T02,Г.Сүхбаатар,Удирдагч,1,6,4,11
S035,Тал.Анар,Мэдээллийн систем,Их хэмжээний лог өгөгдөл боловсруулах ETL pipeline,Комисс Б,T11,Р.Буянтогтох,Гишүүн,5,6,4,15
S035,Тал.Анар,Мэдээллийн систем,Их хэмжээний лог өгөгдөл боловсруулах ETL pipeline,Комисс Б,T21,Н.Батжаргал,Гишүүн,5,9,5,19
S036,Уул.Нарантуяа,Мэдээллийн систем,Санхүүгийн гүйлгээний аномали илрүүлэх загвар,Комисс Б,T02,Г.Сүхбаатар,Удирдагч,4,3,3,10
S036,Уул.Нарантуяа,Мэдээллийн систем,Санхүүгийн гүйлгээний аномали илрүүлэх загвар,Комисс Б,T11,Р.Буянтогтох,Гишүүн,5,7,4,16
S036,Уул.Нарантуяа,Мэдээллийн систем,Санхүүгийн гүйлгээний аномали илрүүлэх загвар,Комисс Б,T21,Н.Батжаргал,Гишүүн,6,9,5,20
S037,Арвай.Болд,Мэдээллийн систем,Монгол хэлний OCR системийн гүйцэтгэлийн харьцуулалт,Комисс Б,T02,Г.Сүхбаатар,Удирдагч,3,4,5,12
S037,Арвай.Болд,Мэдээллийн систем,Монгол хэлний OCR системийн гүйцэтгэлийн харьцуулалт,Комисс Б,T11,Р.Буянтогтох,Гишүүн,5,9,5,19
S037,Арвай.Болд,Мэдээллийн систем,Монгол хэлний OCR системийн гүйцэтгэлийн харьцуулалт,Комисс Б,T21,Н.Батжаргал,Гишүүн,6,9,5,20
S038,Буян.Дорж,Мэдээллийн систем,Контейнер орчны CI/CD дамжлагын автоматжуулалт,Комисс Б,T02,Г.Сүхбаатар,Удирдагч,4,4,3,11
S038,Буян.Дорж,Мэдээллийн систем,Контейнер орчны CI/CD дамжлагын автоматжуулалт,Комисс Б,T11,Р.Буянтогтох,Гишүүн,4,8,5,17
S038,Буян.Дорж,Мэдээллийн систем,Контейнер орчны CI/CD дамжлагын автоматжуулалт,Комисс Б,T21,Н.Батжаргал,Гишүүн,6,9,4,19
S039,Бат.Гэрэлмаа,Мэдээллийн систем,Ухаалаг зогсоолын IoT ба мобайл аппликейшн,Комисс Б,T02,Г.Сүхбаатар,Удирдагч,4,4,4,12
S039,Бат.Гэрэлмаа,Мэдээллийн систем,Ухаалаг зогсоолын IoT ба мобайл аппликейшн,Комисс Б,T11,Р.Буянтогтох,Гишүүн,6,8,4,18
S039,Бат.Гэрэлмаа,Мэдээллийн систем,Ухаалаг зогсоолын IoT ба мобайл аппликейшн,Комисс Б,T21,Н.Батжаргал,Гишүүн,6,9,5,20
S040,Дэлгэр.Сувд,Мэдээллийн систем,Оюутны сурлагын амжилтыг таамаглах өгөгдлийн загвар,Комисс Б,T02,Г.Сүхбаатар,Удирдагч,6,6,1,13
S040,Дэлгэр.Сувд,Мэдээллийн систем,Оюутны сурлагын амжилтыг таамаглах өгөгдлийн загвар,Комисс Б,T11,Р.Буянтогтох,Гишүүн,4,9,5,18
S040,Дэлгэр.Сувд,Мэдээллийн систем,Оюутны сурлагын амжилтыг таамаглах өгөгдлийн загвар,Комисс Б,T21,Н.Батжаргал,Гишүүн,6,9,4,19
S041,Зул.Баяр,Мэдээллийн систем,Их сургуулийн сургалтын удирдлагын веб систем,Комисс Б,T02,Г.Сүхбаатар,Удирдагч,3,4,2,9
S041,Зул.Баяр,Мэдээллийн систем,Их сургуулийн сургалтын удирдлагын веб систем,Комисс Б,T11,Р.Буянтогтох,Гишүүн,5,7,4,16
S041,Зул.Баяр,Мэдээллийн систем,Их сургуулийн сургалтын удирдлагын веб систем,Комисс Б,T21,Н.Батжаргал,Гишүүн,6,9,5,20
S042,Цэдэн.Билгүүн,Мэдээллийн систем,Оюутны ирц бүртгэлийн QR кодтой гар утасны апп,Комисс Б,T02,Г.Сүхбаатар,Удирдагч,1,3,4,8
S042,Цэдэн.Билгүүн,Мэдээллийн систем,Оюутны ирц бүртгэлийн QR кодтой гар утасны апп,Комисс Б,T11,Р.Буянтогтох,Гишүүн,6,8,4,18
S042,Цэдэн.Билгүүн,Мэдээллийн систем,Оюутны ирц бүртгэлийн QR кодтой гар утасны апп,Комисс Б,T21,Н.Батжаргал,Гишүүн,6,8,5,19
S043,Пунцаг.Цэцэг,Мэдээллийн систем,Дипломын ажлын үнэлгээний аналитик платформ,Комисс Б,T02,Г.Сүхбаатар,Удирдагч,1,5,1,7
S043,Пунцаг.Цэцэг,Мэдээллийн систем,Дипломын ажлын үнэлгээний аналитик платформ,Комисс Б,T11,Р.Буянтогтох,Гишүүн,3,8,5,16
S043,Пунцаг.Цэцэг,Мэдээллийн систем,Дипломын ажлын үнэлгээний аналитик платформ,Комисс Б,T21,Н.Батжаргал,Гишүүн,5,7,5,17
S044,Бадам.Бямба,Мэдээллийн систем,Монгол хэлний мэдрэмжийн шинжилгээний машин сургалтын загвар,Комисс Б,T02,Г.Сүхбаатар,Удирдагч,3,5,0,8
S044,Бадам.Бямба,Мэдээллийн систем,Монгол хэлний мэдрэмжийн шинжилгээний машин сургалтын загвар,Комисс Б,T11,Р.Буянтогтох,Гишүүн,6,7,5,18
S044,Бадам.Бямба,Мэдээллийн систем,Монгол хэлний мэдрэмжийн шинжилгээний машин сургалтын загвар,Комисс Б,T21,Н.Батжаргал,Гишүүн,6,8,5,19
S045,Содном.Далай,Мэдээллийн систем,Кибер халдлага илрүүлэх сүлжээний траффик шинжилгээ,Комисс Б,T02,Г.Сүхбаатар,Удирдагч,3,6,2,11
S045,Содном.Далай,Мэдээллийн систем,Кибер халдлага илрүүлэх сүлжээний траффик шинжилгээ,Комисс Б,T11,Р.Буянтогтох,Гишүүн,4,8,4,16
S045,Содном.Далай,Мэдээллийн систем,Кибер халдлага илрүүлэх сүлжээний траффик шинжилгээ,Комисс Б,T21,Н.Батжаргал,Гишүүн,6,9,4,19
S046,Гантулга.Эрдэнэ,Мэдээллийн систем,Жижиг бизнесийн бараа материалын ERP модуль,Комисс Б,T02,Г.Сүхбаатар,Удирдагч,2,7,3,12
S046,Гантулга.Эрдэнэ,Мэдээллийн систем,Жижиг бизнесийн бараа материалын ERP модуль,Комисс Б,T11,Р.Буянтогтох,Гишүүн,6,6,3,15
S046,Гантулга.Эрдэнэ,Мэдээллийн систем,Жижиг бизнесийн бараа материалын ERP модуль,Комисс Б,T21,Н.Батжаргал,Гишүүн,6,9,5,20
S047,Мөнхбат.Лхагва,Мэдээллийн систем,Програмын кодын чанар үнэлэх автоматжуулсан хэрэгсэл,Комисс Б,T02,Г.Сүхбаатар,Удирдагч,5,5,3,13
S047,Мөнхбат.Лхагва,Мэдээллийн систем,Програмын кодын чанар үнэлэх автоматжуулсан хэрэгсэл,Комисс Б,T11,Р.Буянтогтох,Гишүүн,6,7,4,17
S047,Мөнхбат.Лхагва,Мэдээллийн систем,Програмын кодын чанар үнэлэх автоматжуулсан хэрэгсэл,Комисс Б,T21,Н.Батжаргал,Гишүүн,6,9,4,19
S048,Отгон.Мягмар,Мэдээллийн систем,Эмнэлгийн цаг захиалгын микросервис архитектур,Комисс Б,T02,Г.Сүхбаатар,Удирдагч,5,6,3,14
S048,Отгон.Мягмар,Мэдээллийн систем,Эмнэлгийн цаг захиалгын микросервис архитектур,Комисс Б,T11,Р.Буянтогтох,Гишүүн,6,9,5,20
S048,Отгон.Мягмар,Мэдээллийн систем,Эмнэлгийн цаг захиалгын микросервис архитектур,Комисс Б,T21,Н.Батжаргал,Гишүүн,6,9,5,20
S049,Хасбаатар.Пүрэв,Мэдээллийн систем,Сургалтын чатботын RAG архитектурын туршилт,Комисс Б,T02,Г.Сүхбаатар,Удирдагч,3,4,4,11
S049,Хасбаатар.Пүрэв,Мэдээллийн систем,Сургалтын чатботын RAG архитектурын туршилт,Комисс Б,T11,Р.Буянтогтох,Гишүүн,5,7,5,17
S049,Хасбаатар.Пүрэв,Мэдээллийн систем,Сургалтын чатботын RAG архитектурын туршилт,Комисс Б,T21,Н.Батжаргал,Гишүүн,6,9,5,20
S050,Баатар.Лувсан,Мэдээллийн систем,IoT төхөөрөмжийн өгөгдөл цуглуулах хяналтын самбар,Комисс Б,T02,Г.Сүхбаатар,Удирдагч,2,6,2,10
S050,Баатар.Лувсан,Мэдээллийн систем,IoT төхөөрөмжийн өгөгдөл цуглуулах хяналтын самбар,Комисс Б,T11,Р.Буянтогтох,Гишүүн,5,8,4,17
S050,Баатар.Лувсан,Мэдээллийн систем,IoT төхөөрөмжийн өгөгдөл цуглуулах хяналтын самбар,Комисс Б,T21,Н.Батжаргал,Гишүүн,6,9,5,20
S051,Батаа.Бат,Мэдээллийн технологи,Блокчэйнд суурилсан гэрчилгээ баталгаажуулах систем,Комисс В,T03,Н.Мөнхбаяр,Удирдагч,4,5,3,12
S051,Батаа.Бат,Мэдээллийн технологи,Блокчэйнд суурилсан гэрчилгээ баталгаажуулах систем,Комисс В,T12,Ж.Мөнхзул,Гишүүн,6,8,4,18
S051,Батаа.Бат,Мэдээллийн технологи,Блокчэйнд суурилсан гэрчилгээ баталгаажуулах систем,Комисс В,T22,Х.Мөнхбат,Гишүүн,6,9,5,20
S052,Дорж.Дэлгэр,Мэдээллийн технологи,Зургийн ангиллын конволюцийн мэдрэлийн сүлжээ,Комисс В,T03,Н.Мөнхбаяр,Удирдагч,5,6,4,15
S052,Дорж.Дэлгэр,Мэдээллийн технологи,Зургийн ангиллын конволюцийн мэдрэлийн сүлжээ,Комисс В,T12,Ж.Мөнхзул,Гишүүн,6,9,4,19
S052,Дорж.Дэлгэр,Мэдээллийн технологи,Зургийн ангиллын конволюцийн мэдрэлийн сүлжээ,Комисс В,T22,Х.Мөнхбат,Гишүүн,6,9,5,20
S053,Мөнх.Мөнх,Мэдээллийн технологи,Цахим худалдааны зөвлөмжийн систем,Комисс В,T03,Н.Мөнхбаяр,Удирдагч,4,5,4,13
S053,Мөнх.Мөнх,Мэдээллийн технологи,Цахим худалдааны зөвлөмжийн систем,Комисс В,T12,Ж.Мөнхзул,Гишүүн,6,9,4,19
S053,Мөнх.Мөнх,Мэдээллийн технологи,Цахим худалдааны зөвлөмжийн систем,Комисс В,T22,Х.Мөнхбат,Гишүүн,6,9,5,20
S054,Ган.Ганбаяр,Мэдээллийн технологи,Сүлжээний эмзэг байдлын сканнерын прототип,Комисс В,T03,Н.Мөнхбаяр,Удирдагч,2,5,3,10
S054,Ган.Ганбаяр,Мэдээллийн технологи,Сүлжээний эмзэг байдлын сканнерын прототип,Комисс В,T12,Ж.Мөнхзул,Гишүүн,5,8,5,18
S054,Ган.Ганбаяр,Мэдээллийн технологи,Сүлжээний эмзэг байдлын сканнерын прототип,Комисс В,T22,Х.Мөнхбат,Гишүүн,6,9,5,20
S055,Нар.Энхболд,Мэдээллийн технологи,Их хэмжээний лог өгөгдөл боловсруулах ETL pipeline,Комисс В,T03,Н.Мөнхбаяр,Удирдагч,4,6,3,13
S055,Нар.Энхболд,Мэдээллийн технологи,Их хэмжээний лог өгөгдөл боловсруулах ETL pipeline,Комисс В,T12,Ж.Мөнхзул,Гишүүн,6,8,5,19
S055,Нар.Энхболд,Мэдээллийн технологи,Их хэмжээний лог өгөгдөл боловсруулах ETL pipeline,Комисс В,T22,Х.Мөнхбат,Гишүүн,6,9,5,20
S056,Энх.Номин,Мэдээллийн технологи,Санхүүгийн гүйлгээний аномали илрүүлэх загвар,Комисс В,T03,Н.Мөнхбаяр,Удирдагч,4,5,3,12
S056,Энх.Номин,Мэдээллийн технологи,Санхүүгийн гүйлгээний аномали илрүүлэх загвар,Комисс В,T12,Ж.Мөнхзул,Гишүүн,5,8,4,17
S056,Энх.Номин,Мэдээллийн технологи,Санхүүгийн гүйлгээний аномали илрүүлэх загвар,Комисс В,T22,Х.Мөнхбат,Гишүүн,6,9,5,20
S057,Туул.Туяа,Мэдээллийн технологи,Монгол хэлний OCR системийн гүйцэтгэлийн харьцуулалт,Комисс В,T03,Н.Мөнхбаяр,Удирдагч,4,6,4,14
S057,Туул.Туяа,Мэдээллийн технологи,Монгол хэлний OCR системийн гүйцэтгэлийн харьцуулалт,Комисс В,T12,Ж.Мөнхзул,Гишүүн,6,8,5,19
S057,Туул.Туяа,Мэдээллийн технологи,Монгол хэлний OCR системийн гүйцэтгэлийн харьцуулалт,Комисс В,T22,Х.Мөнхбат,Гишүүн,6,9,5,20
S058,Ус.Оюун,Мэдээллийн технологи,Контейнер орчны CI/CD дамжлагын автоматжуулалт,Комисс В,T03,Н.Мөнхбаяр,Удирдагч,3,5,3,11
S058,Ус.Оюун,Мэдээллийн технологи,Контейнер орчны CI/CD дамжлагын автоматжуулалт,Комисс В,T12,Ж.Мөнхзул,Гишүүн,5,7,3,15
S058,Ус.Оюун,Мэдээллийн технологи,Контейнер орчны CI/CD дамжлагын автоматжуулалт,Комисс В,T22,Х.Мөнхбат,Гишүүн,6,9,5,20
S059,Гол.Сэлэнгэ,Мэдээллийн технологи,Ухаалаг зогсоолын IoT ба мобайл аппликейшн,Комисс В,T03,Н.Мөнхбаяр,Удирдагч,2,4,4,10
S059,Гол.Сэлэнгэ,Мэдээллийн технологи,Ухаалаг зогсоолын IoT ба мобайл аппликейшн,Комисс В,T12,Ж.Мөнхзул,Гишүүн,5,7,3,15
S059,Гол.Сэлэнгэ,Мэдээллийн технологи,Ухаалаг зогсоолын IoT ба мобайл аппликейшн,Комисс В,T22,Х.Мөнхбат,Гишүүн,6,9,5,20
S060,Тал.Анар,Мэдээллийн технологи,Оюутны сурлагын амжилтыг таамаглах өгөгдлийн загвар,Комисс В,T03,Н.Мөнхбаяр,Удирдагч,4,5,4,13
S060,Тал.Анар,Мэдээллийн технологи,Оюутны сурлагын амжилтыг таамаглах өгөгдлийн загвар,Комисс В,T12,Ж.Мөнхзул,Гишүүн,4,7,3,14
S060,Тал.Анар,Мэдээллийн технологи,Оюутны сурлагын амжилтыг таамаглах өгөгдлийн загвар,Комисс В,T22,Х.Мөнхбат,Гишүүн,6,9,5,20
S061,Уул.Нарантуяа,Мэдээллийн технологи,Их сургуулийн сургалтын удирдлагын веб систем,Комисс В,T03,Н.Мөнхбаяр,Удирдагч,5,7,3,15
S061,Уул.Нарантуяа,Мэдээллийн технологи,Их сургуулийн сургалтын удирдлагын веб систем,Комисс В,T12,Ж.Мөнхзул,Гишүүн,6,8,5,19
S061,Уул.Нарантуяа,Мэдээллийн технологи,Их сургуулийн сургалтын удирдлагын веб систем,Комисс В,T22,Х.Мөнхбат,Гишүүн,6,9,5,20
S062,Арвай.Болд,Мэдээллийн технологи,Оюутны ирц бүртгэлийн QR кодтой гар утасны апп,Комисс В,T03,Н.Мөнхбаяр,Удирдагч,2,5,3,10
S062,Арвай.Болд,Мэдээллийн технологи,Оюутны ирц бүртгэлийн QR кодтой гар утасны апп,Комисс В,T12,Ж.Мөнхзул,Гишүүн,5,6,3,14
S062,Арвай.Болд,Мэдээллийн технологи,Оюутны ирц бүртгэлийн QR кодтой гар утасны апп,Комисс В,T22,Х.Мөнхбат,Гишүүн,6,9,5,20
S063,Буян.Дорж,Мэдээллийн технологи,Дипломын ажлын үнэлгээний аналитик платформ,Комисс В,T03,Н.Мөнхбаяр,Удирдагч,5,5,5,15
S063,Буян.Дорж,Мэдээллийн технологи,Дипломын ажлын үнэлгээний аналитик платформ,Комисс В,T12,Ж.Мөнхзул,Гишүүн,5,8,5,18
S063,Буян.Дорж,Мэдээллийн технологи,Дипломын ажлын үнэлгээний аналитик платформ,Комисс В,T22,Х.Мөнхбат,Гишүүн,6,9,5,20
S064,Бат.Гэрэлмаа,Мэдээллийн технологи,Монгол хэлний мэдрэмжийн шинжилгээний машин сургалтын загвар,Комисс В,T03,Н.Мөнхбаяр,Удирдагч,5,6,4,15
S064,Бат.Гэрэлмаа,Мэдээллийн технологи,Монгол хэлний мэдрэмжийн шинжилгээний машин сургалтын загвар,Комисс В,T12,Ж.Мөнхзул,Гишүүн,5,8,5,18
S064,Бат.Гэрэлмаа,Мэдээллийн технологи,Монгол хэлний мэдрэмжийн шинжилгээний машин сургалтын загвар,Комисс В,T22,Х.Мөнхбат,Гишүүн,6,9,5,20
S065,Дэлгэр.Сувд,Мэдээллийн технологи,Кибер халдлага илрүүлэх сүлжээний траффик шинжилгээ,Комисс В,T03,Н.Мөнхбаяр,Удирдагч,3,5,4,12
S065,Дэлгэр.Сувд,Мэдээллийн технологи,Кибер халдлага илрүүлэх сүлжээний траффик шинжилгээ,Комисс В,T12,Ж.Мөнхзул,Гишүүн,4,7,4,15
S065,Дэлгэр.Сувд,Мэдээллийн технологи,Кибер халдлага илрүүлэх сүлжээний траффик шинжилгээ,Комисс В,T22,Х.Мөнхбат,Гишүүн,6,9,5,20
S066,Зул.Баяр,Мэдээллийн технологи,Жижиг бизнесийн бараа материалын ERP модуль,Комисс В,T03,Н.Мөнхбаяр,Удирдагч,5,6,4,15
S066,Зул.Баяр,Мэдээллийн технологи,Жижиг бизнесийн бараа материалын ERP модуль,Комисс В,T12,Ж.Мөнхзул,Гишүүн,6,7,4,17
S066,Зул.Баяр,Мэдээллийн технологи,Жижиг бизнесийн бараа материалын ERP модуль,Комисс В,T22,Х.Мөнхбат,Гишүүн,6,9,5,20
S067,Цэдэн.Билгүүн,Мэдээллийн технологи,Програмын кодын чанар үнэлэх автоматжуулсан хэрэгсэл,Комисс В,T03,Н.Мөнхбаяр,Удирдагч,3,4,2,9
S067,Цэдэн.Билгүүн,Мэдээллийн технологи,Програмын кодын чанар үнэлэх автоматжуулсан хэрэгсэл,Комисс В,T12,Ж.Мөнхзул,Гишүүн,6,7,2,15
S067,Цэдэн.Билгүүн,Мэдээллийн технологи,Програмын кодын чанар үнэлэх автоматжуулсан хэрэгсэл,Комисс В,T22,Х.Мөнхбат,Гишүүн,6,9,5,20
S068,Пунцаг.Цэцэг,Мэдээллийн технологи,Эмнэлгийн цаг захиалгын микросервис архитектур,Комисс В,T03,Н.Мөнхбаяр,Удирдагч,3,6,4,13
S068,Пунцаг.Цэцэг,Мэдээллийн технологи,Эмнэлгийн цаг захиалгын микросервис архитектур,Комисс В,T12,Ж.Мөнхзул,Гишүүн,5,7,4,16
S068,Пунцаг.Цэцэг,Мэдээллийн технологи,Эмнэлгийн цаг захиалгын микросервис архитектур,Комисс В,T22,Х.Мөнхбат,Гишүүн,6,9,4,19
S069,Бадам.Бямба,Мэдээллийн технологи,Сургалтын чатботын RAG архитектурын туршилт,Комисс В,T03,Н.Мөнхбаяр,Удирдагч,4,5,1,10
S069,Бадам.Бямба,Мэдээллийн технологи,Сургалтын чатботын RAG архитектурын туршилт,Комисс В,T12,Ж.Мөнхзул,Гишүүн,5,8,5,18
S069,Бадам.Бямба,Мэдээллийн технологи,Сургалтын чатботын RAG архитектурын туршилт,Комисс В,T22,Х.Мөнхбат,Гишүүн,6,9,5,20
S070,Содном.Далай,Мэдээллийн технологи,IoT төхөөрөмжийн өгөгдөл цуглуулах хяналтын самбар,Комисс В,T03,Н.Мөнхбаяр,Удирдагч,3,6,3,12
S070,Содном.Далай,Мэдээллийн технологи,IoT төхөөрөмжийн өгөгдөл цуглуулах хяналтын самбар,Комисс В,T12,Ж.Мөнхзул,Гишүүн,5,8,5,18
S070,Содном.Далай,Мэдээллийн технологи,IoT төхөөрөмжийн өгөгдөл цуглуулах хяналтын самбар,Комисс В,T22,Х.Мөнхбат,Гишүүн,6,9,5,20
S071,Гантулга.Эрдэнэ,Мэдээллийн технологи,Блокчэйнд суурилсан гэрчилгээ баталгаажуулах систем,Комисс В,T03,Н.Мөнхбаяр,Удирдагч,3,6,3,12
S071,Гантулга.Эрдэнэ,Мэдээллийн технологи,Блокчэйнд суурилсан гэрчилгээ баталгаажуулах систем,Комисс В,T12,Ж.Мөнхзул,Гишүүн,6,9,4,19
S071,Гантулга.Эрдэнэ,Мэдээллийн технологи,Блокчэйнд суурилсан гэрчилгээ баталгаажуулах систем,Комисс В,T22,Х.Мөнхбат,Гишүүн,6,9,5,20
S072,Мөнхбат.Лхагва,Мэдээллийн технологи,Зургийн ангиллын конволюцийн мэдрэлийн сүлжээ,Комисс В,T03,Н.Мөнхбаяр,Удирдагч,4,6,3,13
S072,Мөнхбат.Лхагва,Мэдээллийн технологи,Зургийн ангиллын конволюцийн мэдрэлийн сүлжээ,Комисс В,T12,Ж.Мөнхзул,Гишүүн,5,9,5,19
S072,Мөнхбат.Лхагва,Мэдээллийн технологи,Зургийн ангиллын конволюцийн мэдрэлийн сүлжээ,Комисс В,T22,Х.Мөнхбат,Гишүүн,6,9,5,20
S073,Отгон.Мягмар,Мэдээллийн технологи,Цахим худалдааны зөвлөмжийн систем,Комисс В,T03,Н.Мөнхбаяр,Удирдагч,2,6,4,12
S073,Отгон.Мягмар,Мэдээллийн технологи,Цахим худалдааны зөвлөмжийн систем,Комисс В,T12,Ж.Мөнхзул,Гишүүн,6,8,5,19
S073,Отгон.Мягмар,Мэдээллийн технологи,Цахим худалдааны зөвлөмжийн систем,Комисс В,T22,Х.Мөнхбат,Гишүүн,6,9,5,20
S074,Хасбаатар.Пүрэв,Мэдээллийн технологи,Сүлжээний эмзэг байдлын сканнерын прототип,Комисс В,T03,Н.Мөнхбаяр,Удирдагч,3,5,2,10
S074,Хасбаатар.Пүрэв,Мэдээллийн технологи,Сүлжээний эмзэг байдлын сканнерын прототип,Комисс В,T12,Ж.Мөнхзул,Гишүүн,5,7,5,17
S074,Хасбаатар.Пүрэв,Мэдээллийн технологи,Сүлжээний эмзэг байдлын сканнерын прототип,Комисс В,T22,Х.Мөнхбат,Гишүүн,6,9,5,20
S075,Баатар.Лувсан,Мэдээллийн технологи,Их хэмжээний лог өгөгдөл боловсруулах ETL pipeline,Комисс В,T03,Н.Мөнхбаяр,Удирдагч,4,5,2,11
S075,Баатар.Лувсан,Мэдээллийн технологи,Их хэмжээний лог өгөгдөл боловсруулах ETL pipeline,Комисс В,T12,Ж.Мөнхзул,Гишүүн,4,8,4,16
S075,Баатар.Лувсан,Мэдээллийн технологи,Их хэмжээний лог өгөгдөл боловсруулах ETL pipeline,Комисс В,T22,Х.Мөнхбат,Гишүүн,6,9,5,20
S076,Батаа.Бат,Кибер аюулгүй байдал,Санхүүгийн гүйлгээний аномали илрүүлэх загвар,Комисс Г,T04,О.Даваасүрэн,Удирдагч,6,5,4,15
S076,Батаа.Бат,Кибер аюулгүй байдал,Санхүүгийн гүйлгээний аномали илрүүлэх загвар,Комисс Г,T14,В.Оюунчимэг,Гишүүн,6,6,4,16
S076,Батаа.Бат,Кибер аюулгүй байдал,Санхүүгийн гүйлгээний аномали илрүүлэх загвар,Комисс Г,T23,Г.Эрдэнэчимэг,Гишүүн,6,9,4,19
S077,Дорж.Дэлгэр,Кибер аюулгүй байдал,Монгол хэлний OCR системийн гүйцэтгэлийн харьцуулалт,Комисс Г,T04,О.Даваасүрэн,Удирдагч,4,9,2,15
S077,Дорж.Дэлгэр,Кибер аюулгүй байдал,Монгол хэлний OCR системийн гүйцэтгэлийн харьцуулалт,Комисс Г,T14,В.Оюунчимэг,Гишүүн,6,9,2,17
S077,Дорж.Дэлгэр,Кибер аюулгүй байдал,Монгол хэлний OCR системийн гүйцэтгэлийн харьцуулалт,Комисс Г,T23,Г.Эрдэнэчимэг,Гишүүн,4,9,5,18
S078,Мөнх.Мөнх,Кибер аюулгүй байдал,Контейнер орчны CI/CD дамжлагын автоматжуулалт,Комисс Г,T04,О.Даваасүрэн,Удирдагч,3,2,5,10
S078,Мөнх.Мөнх,Кибер аюулгүй байдал,Контейнер орчны CI/CD дамжлагын автоматжуулалт,Комисс Г,T14,В.Оюунчимэг,Гишүүн,6,8,5,19
S078,Мөнх.Мөнх,Кибер аюулгүй байдал,Контейнер орчны CI/CD дамжлагын автоматжуулалт,Комисс Г,T23,Г.Эрдэнэчимэг,Гишүүн,3,9,5,17
S079,Ган.Ганбаяр,Кибер аюулгүй байдал,Ухаалаг зогсоолын IoT ба мобайл аппликейшн,Комисс Г,T04,О.Даваасүрэн,Удирдагч,3,6,2,11
S079,Ган.Ганбаяр,Кибер аюулгүй байдал,Ухаалаг зогсоолын IoT ба мобайл аппликейшн,Комисс Г,T14,В.Оюунчимэг,Гишүүн,6,8,5,19
S079,Ган.Ганбаяр,Кибер аюулгүй байдал,Ухаалаг зогсоолын IoT ба мобайл аппликейшн,Комисс Г,T23,Г.Эрдэнэчимэг,Гишүүн,4,9,4,17
S080,Нар.Энхболд,Кибер аюулгүй байдал,Оюутны сурлагын амжилтыг таамаглах өгөгдлийн загвар,Комисс Г,T04,О.Даваасүрэн,Удирдагч,6,9,3,18
S080,Нар.Энхболд,Кибер аюулгүй байдал,Оюутны сурлагын амжилтыг таамаглах өгөгдлийн загвар,Комисс Г,T14,В.Оюунчимэг,Гишүүн,5,9,4,18
S080,Нар.Энхболд,Кибер аюулгүй байдал,Оюутны сурлагын амжилтыг таамаглах өгөгдлийн загвар,Комисс Г,T23,Г.Эрдэнэчимэг,Гишүүн,4,9,5,18
S081,Энх.Номин,Кибер аюулгүй байдал,Их сургуулийн сургалтын удирдлагын веб систем,Комисс Г,T04,О.Даваасүрэн,Удирдагч,3,8,5,16
S081,Энх.Номин,Кибер аюулгүй байдал,Их сургуулийн сургалтын удирдлагын веб систем,Комисс Г,T14,В.Оюунчимэг,Гишүүн,5,9,5,19
S081,Энх.Номин,Кибер аюулгүй байдал,Их сургуулийн сургалтын удирдлагын веб систем,Комисс Г,T23,Г.Эрдэнэчимэг,Гишүүн,6,9,5,20
S082,Туул.Туяа,Кибер аюулгүй байдал,Оюутны ирц бүртгэлийн QR кодтой гар утасны апп,Комисс Г,T04,О.Даваасүрэн,Удирдагч,4,8,4,16
S082,Туул.Туяа,Кибер аюулгүй байдал,Оюутны ирц бүртгэлийн QR кодтой гар утасны апп,Комисс Г,T14,В.Оюунчимэг,Гишүүн,5,8,4,17
S082,Туул.Туяа,Кибер аюулгүй байдал,Оюутны ирц бүртгэлийн QR кодтой гар утасны апп,Комисс Г,T23,Г.Эрдэнэчимэг,Гишүүн,4,9,5,18
S083,Ус.Оюун,Кибер аюулгүй байдал,Дипломын ажлын үнэлгээний аналитик платформ,Комисс Г,T04,О.Даваасүрэн,Удирдагч,6,4,4,14
S083,Ус.Оюун,Кибер аюулгүй байдал,Дипломын ажлын үнэлгээний аналитик платформ,Комисс Г,T14,В.Оюунчимэг,Гишүүн,5,8,5,18
S083,Ус.Оюун,Кибер аюулгүй байдал,Дипломын ажлын үнэлгээний аналитик платформ,Комисс Г,T23,Г.Эрдэнэчимэг,Гишүүн,6,9,5,20
S084,Гол.Сэлэнгэ,Кибер аюулгүй байдал,Монгол хэлний мэдрэмжийн шинжилгээний машин сургалтын загвар,Комисс Г,T04,О.Даваасүрэн,Удирдагч,3,4,2,9
S084,Гол.Сэлэнгэ,Кибер аюулгүй байдал,Монгол хэлний мэдрэмжийн шинжилгээний машин сургалтын загвар,Комисс Г,T14,В.Оюунчимэг,Гишүүн,6,9,5,20
S084,Гол.Сэлэнгэ,Кибер аюулгүй байдал,Монгол хэлний мэдрэмжийн шинжилгээний машин сургалтын загвар,Комисс Г,T23,Г.Эрдэнэчимэг,Гишүүн,6,7,5,18
S085,Тал.Анар,Кибер аюулгүй байдал,Кибер халдлага илрүүлэх сүлжээний траффик шинжилгээ,Комисс Г,T04,О.Даваасүрэн,Удирдагч,6,8,2,16
S085,Тал.Анар,Кибер аюулгүй байдал,Кибер халдлага илрүүлэх сүлжээний траффик шинжилгээ,Комисс Г,T14,В.Оюунчимэг,Гишүүн,5,9,4,18
S085,Тал.Анар,Кибер аюулгүй байдал,Кибер халдлага илрүүлэх сүлжээний траффик шинжилгээ,Комисс Г,T23,Г.Эрдэнэчимэг,Гишүүн,6,9,5,20
S086,Уул.Нарантуяа,Кибер аюулгүй байдал,Жижиг бизнесийн бараа материалын ERP модуль,Комисс Г,T04,О.Даваасүрэн,Удирдагч,4,4,4,12
S086,Уул.Нарантуяа,Кибер аюулгүй байдал,Жижиг бизнесийн бараа материалын ERP модуль,Комисс Г,T14,В.Оюунчимэг,Гишүүн,5,9,5,19
S086,Уул.Нарантуяа,Кибер аюулгүй байдал,Жижиг бизнесийн бараа материалын ERP модуль,Комисс Г,T23,Г.Эрдэнэчимэг,Гишүүн,5,9,5,19
S087,Арвай.Болд,Кибер аюулгүй байдал,Програмын кодын чанар үнэлэх автоматжуулсан хэрэгсэл,Комисс Г,T04,О.Даваасүрэн,Удирдагч,4,7,5,16
S087,Арвай.Болд,Кибер аюулгүй байдал,Програмын кодын чанар үнэлэх автоматжуулсан хэрэгсэл,Комисс Г,T14,В.Оюунчимэг,Гишүүн,6,6,5,17
S087,Арвай.Болд,Кибер аюулгүй байдал,Програмын кодын чанар үнэлэх автоматжуулсан хэрэгсэл,Комисс Г,T23,Г.Эрдэнэчимэг,Гишүүн,6,9,5,20
S088,Буян.Дорж,Кибер аюулгүй байдал,Эмнэлгийн цаг захиалгын микросервис архитектур,Комисс Г,T04,О.Даваасүрэн,Удирдагч,3,6,5,14
S088,Буян.Дорж,Кибер аюулгүй байдал,Эмнэлгийн цаг захиалгын микросервис архитектур,Комисс Г,T14,В.Оюунчимэг,Гишүүн,6,9,5,20
S088,Буян.Дорж,Кибер аюулгүй байдал,Эмнэлгийн цаг захиалгын микросервис архитектур,Комисс Г,T23,Г.Эрдэнэчимэг,Гишүүн,5,9,3,17
S089,Бат.Гэрэлмаа,Кибер аюулгүй байдал,Сургалтын чатботын RAG архитектурын туршилт,Комисс Г,T04,О.Даваасүрэн,Удирдагч,3,4,4,11
S089,Бат.Гэрэлмаа,Кибер аюулгүй байдал,Сургалтын чатботын RAG архитектурын туршилт,Комисс Г,T14,В.Оюунчимэг,Гишүүн,3,9,5,17
S089,Бат.Гэрэлмаа,Кибер аюулгүй байдал,Сургалтын чатботын RAG архитектурын туршилт,Комисс Г,T23,Г.Эрдэнэчимэг,Гишүүн,6,8,5,19
S090,Дэлгэр.Сувд,Кибер аюулгүй байдал,IoT төхөөрөмжийн өгөгдөл цуглуулах хяналтын самбар,Комисс Г,T04,О.Даваасүрэн,Удирдагч,4,7,3,14
S090,Дэлгэр.Сувд,Кибер аюулгүй байдал,IoT төхөөрөмжийн өгөгдөл цуглуулах хяналтын самбар,Комисс Г,T14,В.Оюунчимэг,Гишүүн,4,6,4,14
S090,Дэлгэр.Сувд,Кибер аюулгүй байдал,IoT төхөөрөмжийн өгөгдөл цуглуулах хяналтын самбар,Комисс Г,T23,Г.Эрдэнэчимэг,Гишүүн,6,9,5,20
S091,Зул.Баяр,Кибер аюулгүй байдал,Блокчэйнд суурилсан гэрчилгээ баталгаажуулах систем,Комисс Г,T04,О.Даваасүрэн,Удирдагч,5,6,4,15
S091,Зул.Баяр,Кибер аюулгүй байдал,Блокчэйнд суурилсан гэрчилгээ баталгаажуулах систем,Комисс Г,T14,В.Оюунчимэг,Гишүүн,6,7,5,18
S091,Зул.Баяр,Кибер аюулгүй байдал,Блокчэйнд суурилсан гэрчилгээ баталгаажуулах систем,Комисс Г,T23,Г.Эрдэнэчимэг,Гишүүн,6,9,5,20
S092,Цэдэн.Билгүүн,Кибер аюулгүй байдал,Зургийн ангиллын конволюцийн мэдрэлийн сүлжээ,Комисс Г,T04,О.Даваасүрэн,Удирдагч,3,6,5,14
S092,Цэдэн.Билгүүн,Кибер аюулгүй байдал,Зургийн ангиллын конволюцийн мэдрэлийн сүлжээ,Комисс Г,T14,В.Оюунчимэг,Гишүүн,6,8,5,19
S092,Цэдэн.Билгүүн,Кибер аюулгүй байдал,Зургийн ангиллын конволюцийн мэдрэлийн сүлжээ,Комисс Г,T23,Г.Эрдэнэчимэг,Гишүүн,6,9,5,20
S093,Пунцаг.Цэцэг,Кибер аюулгүй байдал,Цахим худалдааны зөвлөмжийн систем,Комисс Г,T04,О.Даваасүрэн,Удирдагч,4,3,1,8
S093,Пунцаг.Цэцэг,Кибер аюулгүй байдал,Цахим худалдааны зөвлөмжийн систем,Комисс Г,T14,В.Оюунчимэг,Гишүүн,4,8,4,16
S093,Пунцаг.Цэцэг,Кибер аюулгүй байдал,Цахим худалдааны зөвлөмжийн систем,Комисс Г,T23,Г.Эрдэнэчимэг,Гишүүн,6,9,5,20
S094,Бадам.Бямба,Кибер аюулгүй байдал,Сүлжээний эмзэг байдлын сканнерын прототип,Комисс Г,T04,О.Даваасүрэн,Удирдагч,3,8,3,14
S094,Бадам.Бямба,Кибер аюулгүй байдал,Сүлжээний эмзэг байдлын сканнерын прототип,Комисс Г,T14,В.Оюунчимэг,Гишүүн,4,7,4,15
S094,Бадам.Бямба,Кибер аюулгүй байдал,Сүлжээний эмзэг байдлын сканнерын прототип,Комисс Г,T23,Г.Эрдэнэчимэг,Гишүүн,6,8,5,19
S095,Содном.Далай,Кибер аюулгүй байдал,Их хэмжээний лог өгөгдөл боловсруулах ETL pipeline,Комисс Г,T04,О.Даваасүрэн,Удирдагч,5,7,5,17
S095,Содном.Далай,Кибер аюулгүй байдал,Их хэмжээний лог өгөгдөл боловсруулах ETL pipeline,Комисс Г,T14,В.Оюунчимэг,Гишүүн,6,6,4,16
S095,Содном.Далай,Кибер аюулгүй байдал,Их хэмжээний лог өгөгдөл боловсруулах ETL pipeline,Комисс Г,T23,Г.Эрдэнэчимэг,Гишүүн,5,9,4,18
S096,Гантулга.Эрдэнэ,Кибер аюулгүй байдал,Санхүүгийн гүйлгээний аномали илрүүлэх загвар,Комисс Г,T04,О.Даваасүрэн,Удирдагч,3,5,4,12
S096,Гантулга.Эрдэнэ,Кибер аюулгүй байдал,Санхүүгийн гүйлгээний аномали илрүүлэх загвар,Комисс Г,T14,В.Оюунчимэг,Гишүүн,6,7,3,16
S096,Гантулга.Эрдэнэ,Кибер аюулгүй байдал,Санхүүгийн гүйлгээний аномали илрүүлэх загвар,Комисс Г,T23,Г.Эрдэнэчимэг,Гишүүн,5,6,2,13
S097,Мөнхбат.Лхагва,Кибер аюулгүй байдал,Монгол хэлний OCR системийн гүйцэтгэлийн харьцуулалт,Комисс Г,T04,О.Даваасүрэн,Удирдагч,3,4,2,9
S097,Мөнхбат.Лхагва,Кибер аюулгүй байдал,Монгол хэлний OCR системийн гүйцэтгэлийн харьцуулалт,Комисс Г,T14,В.Оюунчимэг,Гишүүн,5,9,4,18
S097,Мөнхбат.Лхагва,Кибер аюулгүй байдал,Монгол хэлний OCR системийн гүйцэтгэлийн харьцуулалт,Комисс Г,T23,Г.Эрдэнэчимэг,Гишүүн,3,9,5,17
S098,Отгон.Мягмар,Кибер аюулгүй байдал,Контейнер орчны CI/CD дамжлагын автоматжуулалт,Комисс Г,T04,О.Даваасүрэн,Удирдагч,5,6,1,12
S098,Отгон.Мягмар,Кибер аюулгүй байдал,Контейнер орчны CI/CD дамжлагын автоматжуулалт,Комисс Г,T14,В.Оюунчимэг,Гишүүн,6,8,5,19
S098,Отгон.Мягмар,Кибер аюулгүй байдал,Контейнер орчны CI/CD дамжлагын автоматжуулалт,Комисс Г,T23,Г.Эрдэнэчимэг,Гишүүн,6,9,5,20
S099,Хасбаатар.Пүрэв,Кибер аюулгүй байдал,Ухаалаг зогсоолын IoT ба мобайл аппликейшн,Комисс Г,T04,О.Даваасүрэн,Удирдагч,4,4,1,9
S099,Хасбаатар.Пүрэв,Кибер аюулгүй байдал,Ухаалаг зогсоолын IoT ба мобайл аппликейшн,Комисс Г,T14,В.Оюунчимэг,Гишүүн,4,6,3,13
S099,Хасбаатар.Пүрэв,Кибер аюулгүй байдал,Ухаалаг зогсоолын IoT ба мобайл аппликейшн,Комисс Г,T23,Г.Эрдэнэчимэг,Гишүүн,5,9,3,17
S100,Баатар.Лувсан,Кибер аюулгүй байдал,Оюутны сурлагын амжилтыг таамаглах өгөгдлийн загвар,Комисс Г,T04,О.Даваасүрэн,Удирдагч,5,7,1,13
S100,Баатар.Лувсан,Кибер аюулгүй байдал,Оюутны сурлагын амжилтыг таамаглах өгөгдлийн загвар,Комисс Г,T14,В.Оюунчимэг,Гишүүн,6,8,4,18
S100,Баатар.Лувсан,Кибер аюулгүй байдал,Оюутны сурлагын амжилтыг таамаглах өгөгдлийн загвар,Комисс Г,T23,Г.Эрдэнэчимэг,Гишүүн,6,9,5,20
S101,Батаа.Бат,Хиймэл оюун ухаан,Их сургуулийн сургалтын удирдлагын веб систем,Комисс Д,T05,Х.Энхтүвшин,Удирдагч,5,5,4,14
S101,Батаа.Бат,Хиймэл оюун ухаан,Их сургуулийн сургалтын удирдлагын веб систем,Комисс Д,T27,Ж.Мөнхсайхан,Гишүүн,5,8,5,18
S101,Батаа.Бат,Хиймэл оюун ухаан,Их сургуулийн сургалтын удирдлагын веб систем,Комисс Д,T24,Д.Ганзориг,Гишүүн,6,9,5,20
S102,Дорж.Дэлгэр,Хиймэл оюун ухаан,Оюутны ирц бүртгэлийн QR кодтой гар утасны апп,Комисс Д,T05,Х.Энхтүвшин,Удирдагч,5,6,4,15
S102,Дорж.Дэлгэр,Хиймэл оюун ухаан,Оюутны ирц бүртгэлийн QR кодтой гар утасны апп,Комисс Д,T27,Ж.Мөнхсайхан,Гишүүн,4,6,3,13
S102,Дорж.Дэлгэр,Хиймэл оюун ухаан,Оюутны ирц бүртгэлийн QR кодтой гар утасны апп,Комисс Д,T24,Д.Ганзориг,Гишүүн,5,9,5,19
S103,Мөнх.Мөнх,Хиймэл оюун ухаан,Дипломын ажлын үнэлгээний аналитик платформ,Комисс Д,T05,Х.Энхтүвшин,Удирдагч,5,5,3,13
S103,Мөнх.Мөнх,Хиймэл оюун ухаан,Дипломын ажлын үнэлгээний аналитик платформ,Комисс Д,T27,Ж.Мөнхсайхан,Гишүүн,4,7,3,14
S103,Мөнх.Мөнх,Хиймэл оюун ухаан,Дипломын ажлын үнэлгээний аналитик платформ,Комисс Д,T24,Д.Ганзориг,Гишүүн,6,8,5,19
S104,Ган.Ганбаяр,Хиймэл оюун ухаан,Монгол хэлний мэдрэмжийн шинжилгээний машин сургалтын загвар,Комисс Д,T05,Х.Энхтүвшин,Удирдагч,4,4,4,12
S104,Ган.Ганбаяр,Хиймэл оюун ухаан,Монгол хэлний мэдрэмжийн шинжилгээний машин сургалтын загвар,Комисс Д,T27,Ж.Мөнхсайхан,Гишүүн,5,9,4,18
S104,Ган.Ганбаяр,Хиймэл оюун ухаан,Монгол хэлний мэдрэмжийн шинжилгээний машин сургалтын загвар,Комисс Д,T24,Д.Ганзориг,Гишүүн,6,9,5,20
S105,Нар.Энхболд,Хиймэл оюун ухаан,Кибер халдлага илрүүлэх сүлжээний траффик шинжилгээ,Комисс Д,T05,Х.Энхтүвшин,Удирдагч,5,5,3,13
S105,Нар.Энхболд,Хиймэл оюун ухаан,Кибер халдлага илрүүлэх сүлжээний траффик шинжилгээ,Комисс Д,T27,Ж.Мөнхсайхан,Гишүүн,5,9,5,19
S105,Нар.Энхболд,Хиймэл оюун ухаан,Кибер халдлага илрүүлэх сүлжээний траффик шинжилгээ,Комисс Д,T24,Д.Ганзориг,Гишүүн,6,9,5,20
S106,Энх.Номин,Хиймэл оюун ухаан,Жижиг бизнесийн бараа материалын ERP модуль,Комисс Д,T05,Х.Энхтүвшин,Удирдагч,3,5,4,12
S106,Энх.Номин,Хиймэл оюун ухаан,Жижиг бизнесийн бараа материалын ERP модуль,Комисс Д,T27,Ж.Мөнхсайхан,Гишүүн,6,9,2,17
S106,Энх.Номин,Хиймэл оюун ухаан,Жижиг бизнесийн бараа материалын ERP модуль,Комисс Д,T24,Д.Ганзориг,Гишүүн,6,9,5,20
S107,Туул.Туяа,Хиймэл оюун ухаан,Програмын кодын чанар үнэлэх автоматжуулсан хэрэгсэл,Комисс Д,T05,Х.Энхтүвшин,Удирдагч,3,6,1,10
S107,Туул.Туяа,Хиймэл оюун ухаан,Програмын кодын чанар үнэлэх автоматжуулсан хэрэгсэл,Комисс Д,T27,Ж.Мөнхсайхан,Гишүүн,6,8,5,19
S107,Туул.Туяа,Хиймэл оюун ухаан,Програмын кодын чанар үнэлэх автоматжуулсан хэрэгсэл,Комисс Д,T24,Д.Ганзориг,Гишүүн,5,9,5,19
S108,Ус.Оюун,Хиймэл оюун ухаан,Эмнэлгийн цаг захиалгын микросервис архитектур,Комисс Д,T05,Х.Энхтүвшин,Удирдагч,6,3,4,13
S108,Ус.Оюун,Хиймэл оюун ухаан,Эмнэлгийн цаг захиалгын микросервис архитектур,Комисс Д,T27,Ж.Мөнхсайхан,Гишүүн,6,9,3,18
S108,Ус.Оюун,Хиймэл оюун ухаан,Эмнэлгийн цаг захиалгын микросервис архитектур,Комисс Д,T24,Д.Ганзориг,Гишүүн,6,9,5,20
S109,Гол.Сэлэнгэ,Хиймэл оюун ухаан,Сургалтын чатботын RAG архитектурын туршилт,Комисс Д,T05,Х.Энхтүвшин,Удирдагч,6,5,5,16
S109,Гол.Сэлэнгэ,Хиймэл оюун ухаан,Сургалтын чатботын RAG архитектурын туршилт,Комисс Д,T27,Ж.Мөнхсайхан,Гишүүн,6,9,5,20
S109,Гол.Сэлэнгэ,Хиймэл оюун ухаан,Сургалтын чатботын RAG архитектурын туршилт,Комисс Д,T24,Д.Ганзориг,Гишүүн,6,9,5,20
S110,Тал.Анар,Хиймэл оюун ухаан,IoT төхөөрөмжийн өгөгдөл цуглуулах хяналтын самбар,Комисс Д,T05,Х.Энхтүвшин,Удирдагч,3,5,3,11
S110,Тал.Анар,Хиймэл оюун ухаан,IoT төхөөрөмжийн өгөгдөл цуглуулах хяналтын самбар,Комисс Д,T27,Ж.Мөнхсайхан,Гишүүн,6,9,4,19
S110,Тал.Анар,Хиймэл оюун ухаан,IoT төхөөрөмжийн өгөгдөл цуглуулах хяналтын самбар,Комисс Д,T24,Д.Ганзориг,Гишүүн,6,9,5,20
S111,Уул.Нарантуяа,Хиймэл оюун ухаан,Блокчэйнд суурилсан гэрчилгээ баталгаажуулах систем,Комисс Д,T05,Х.Энхтүвшин,Удирдагч,5,8,3,16
S111,Уул.Нарантуяа,Хиймэл оюун ухаан,Блокчэйнд суурилсан гэрчилгээ баталгаажуулах систем,Комисс Д,T27,Ж.Мөнхсайхан,Гишүүн,6,9,5,20
S111,Уул.Нарантуяа,Хиймэл оюун ухаан,Блокчэйнд суурилсан гэрчилгээ баталгаажуулах систем,Комисс Д,T24,Д.Ганзориг,Гишүүн,6,9,5,20
S112,Арвай.Болд,Хиймэл оюун ухаан,Зургийн ангиллын конволюцийн мэдрэлийн сүлжээ,Комисс Д,T05,Х.Энхтүвшин,Удирдагч,6,5,4,15
S112,Арвай.Болд,Хиймэл оюун ухаан,Зургийн ангиллын конволюцийн мэдрэлийн сүлжээ,Комисс Д,T27,Ж.Мөнхсайхан,Гишүүн,5,8,5,18
S112,Арвай.Болд,Хиймэл оюун ухаан,Зургийн ангиллын конволюцийн мэдрэлийн сүлжээ,Комисс Д,T24,Д.Ганзориг,Гишүүн,6,9,5,20
S113,Буян.Дорж,Хиймэл оюун ухаан,Цахим худалдааны зөвлөмжийн систем,Комисс Д,T05,Х.Энхтүвшин,Удирдагч,4,8,2,14
S113,Буян.Дорж,Хиймэл оюун ухаан,Цахим худалдааны зөвлөмжийн систем,Комисс Д,T27,Ж.Мөнхсайхан,Гишүүн,5,8,5,18
S113,Буян.Дорж,Хиймэл оюун ухаан,Цахим худалдааны зөвлөмжийн систем,Комисс Д,T24,Д.Ганзориг,Гишүүн,6,9,5,20
S114,Бат.Гэрэлмаа,Хиймэл оюун ухаан,Сүлжээний эмзэг байдлын сканнерын прототип,Комисс Д,T05,Х.Энхтүвшин,Удирдагч,5,8,5,18
S114,Бат.Гэрэлмаа,Хиймэл оюун ухаан,Сүлжээний эмзэг байдлын сканнерын прототип,Комисс Д,T27,Ж.Мөнхсайхан,Гишүүн,4,8,5,17
S114,Бат.Гэрэлмаа,Хиймэл оюун ухаан,Сүлжээний эмзэг байдлын сканнерын прототип,Комисс Д,T24,Д.Ганзориг,Гишүүн,4,9,5,18
S115,Дэлгэр.Сувд,Хиймэл оюун ухаан,Их хэмжээний лог өгөгдөл боловсруулах ETL pipeline,Комисс Д,T05,Х.Энхтүвшин,Удирдагч,3,6,5,14
S115,Дэлгэр.Сувд,Хиймэл оюун ухаан,Их хэмжээний лог өгөгдөл боловсруулах ETL pipeline,Комисс Д,T27,Ж.Мөнхсайхан,Гишүүн,6,8,5,19
S115,Дэлгэр.Сувд,Хиймэл оюун ухаан,Их хэмжээний лог өгөгдөл боловсруулах ETL pipeline,Комисс Д,T24,Д.Ганзориг,Гишүүн,6,9,5,20
S116,Зул.Баяр,Хиймэл оюун ухаан,Санхүүгийн гүйлгээний аномали илрүүлэх загвар,Комисс Д,T05,Х.Энхтүвшин,Удирдагч,5,6,3,14
S116,Зул.Баяр,Хиймэл оюун ухаан,Санхүүгийн гүйлгээний аномали илрүүлэх загвар,Комисс Д,T27,Ж.Мөнхсайхан,Гишүүн,6,6,5,17
S116,Зул.Баяр,Хиймэл оюун ухаан,Санхүүгийн гүйлгээний аномали илрүүлэх загвар,Комисс Д,T24,Д.Ганзориг,Гишүүн,6,8,5,19
S117,Цэдэн.Билгүүн,Хиймэл оюун ухаан,Монгол хэлний OCR системийн гүйцэтгэлийн харьцуулалт,Комисс Д,T05,Х.Энхтүвшин,Удирдагч,5,8,5,18
S117,Цэдэн.Билгүүн,Хиймэл оюун ухаан,Монгол хэлний OCR системийн гүйцэтгэлийн харьцуулалт,Комисс Д,T27,Ж.Мөнхсайхан,Гишүүн,6,8,2,16
S117,Цэдэн.Билгүүн,Хиймэл оюун ухаан,Монгол хэлний OCR системийн гүйцэтгэлийн харьцуулалт,Комисс Д,T24,Д.Ганзориг,Гишүүн,6,9,5,20
S118,Пунцаг.Цэцэг,Хиймэл оюун ухаан,Контейнер орчны CI/CD дамжлагын автоматжуулалт,Комисс Д,T05,Х.Энхтүвшин,Удирдагч,3,6,2,11
S118,Пунцаг.Цэцэг,Хиймэл оюун ухаан,Контейнер орчны CI/CD дамжлагын автоматжуулалт,Комисс Д,T27,Ж.Мөнхсайхан,Гишүүн,6,7,5,18
S118,Пунцаг.Цэцэг,Хиймэл оюун ухаан,Контейнер орчны CI/CD дамжлагын автоматжуулалт,Комисс Д,T24,Д.Ганзориг,Гишүүн,6,9,4,19
S119,Бадам.Бямба,Хиймэл оюун ухаан,Ухаалаг зогсоолын IoT ба мобайл аппликейшн,Комисс Д,T05,Х.Энхтүвшин,Удирдагч,4,6,1,11
S119,Бадам.Бямба,Хиймэл оюун ухаан,Ухаалаг зогсоолын IoT ба мобайл аппликейшн,Комисс Д,T27,Ж.Мөнхсайхан,Гишүүн,3,8,5,16
S119,Бадам.Бямба,Хиймэл оюун ухаан,Ухаалаг зогсоолын IoT ба мобайл аппликейшн,Комисс Д,T24,Д.Ганзориг,Гишүүн,6,9,4,19
S120,Содном.Далай,Хиймэл оюун ухаан,Оюутны сурлагын амжилтыг таамаглах өгөгдлийн загвар,Комисс Д,T05,Х.Энхтүвшин,Удирдагч,6,8,3,17
S120,Содном.Далай,Хиймэл оюун ухаан,Оюутны сурлагын амжилтыг таамаглах өгөгдлийн загвар,Комисс Д,T27,Ж.Мөнхсайхан,Гишүүн,6,6,2,14
S120,Содном.Далай,Хиймэл оюун ухаан,Оюутны сурлагын амжилтыг таамаглах өгөгдлийн загвар,Комисс Д,T24,Д.Ганзориг,Гишүүн,6,9,5,20
S121,Гантулга.Эрдэнэ,Хиймэл оюун ухаан,Их сургуулийн сургалтын удирдлагын веб систем,Комисс Д,T05,Х.Энхтүвшин,Удирдагч,5,8,3,16
S121,Гантулга.Эрдэнэ,Хиймэл оюун ухаан,Их сургуулийн сургалтын удирдлагын веб систем,Комисс Д,T27,Ж.Мөнхсайхан,Гишүүн,5,8,4,17
S121,Гантулга.Эрдэнэ,Хиймэл оюун ухаан,Их сургуулийн сургалтын удирдлагын веб систем,Комисс Д,T24,Д.Ганзориг,Гишүүн,6,9,5,20
S122,Мөнхбат.Лхагва,Хиймэл оюун ухаан,Оюутны ирц бүртгэлийн QR кодтой гар утасны апп,Комисс Д,T05,Х.Энхтүвшин,Удирдагч,3,7,3,13
S122,Мөнхбат.Лхагва,Хиймэл оюун ухаан,Оюутны ирц бүртгэлийн QR кодтой гар утасны апп,Комисс Д,T27,Ж.Мөнхсайхан,Гишүүн,6,6,3,15
S122,Мөнхбат.Лхагва,Хиймэл оюун ухаан,Оюутны ирц бүртгэлийн QR кодтой гар утасны апп,Комисс Д,T24,Д.Ганзориг,Гишүүн,4,9,4,17
S123,Отгон.Мягмар,Хиймэл оюун ухаан,Дипломын ажлын үнэлгээний аналитик платформ,Комисс Д,T05,Х.Энхтүвшин,Удирдагч,6,7,3,16
S123,Отгон.Мягмар,Хиймэл оюун ухаан,Дипломын ажлын үнэлгээний аналитик платформ,Комисс Д,T27,Ж.Мөнхсайхан,Гишүүн,6,7,3,16
S123,Отгон.Мягмар,Хиймэл оюун ухаан,Дипломын ажлын үнэлгээний аналитик платформ,Комисс Д,T24,Д.Ганзориг,Гишүүн,6,9,4,19
S124,Хасбаатар.Пүрэв,Хиймэл оюун ухаан,Монгол хэлний мэдрэмжийн шинжилгээний машин сургалтын загвар,Комисс Д,T05,Х.Энхтүвшин,Удирдагч,3,9,4,16
S124,Хасбаатар.Пүрэв,Хиймэл оюун ухаан,Монгол хэлний мэдрэмжийн шинжилгээний машин сургалтын загвар,Комисс Д,T27,Ж.Мөнхсайхан,Гишүүн,6,9,4,19
S124,Хасбаатар.Пүрэв,Хиймэл оюун ухаан,Монгол хэлний мэдрэмжийн шинжилгээний машин сургалтын загвар,Комисс Д,T24,Д.Ганзориг,Гишүүн,6,9,4,19
S125,Баатар.Лувсан,Хиймэл оюун ухаан,Кибер халдлага илрүүлэх сүлжээний траффик шинжилгээ,Комисс Д,T05,Х.Энхтүвшин,Удирдагч,5,5,3,13
S125,Баатар.Лувсан,Хиймэл оюун ухаан,Кибер халдлага илрүүлэх сүлжээний траффик шинжилгээ,Комисс Д,T27,Ж.Мөнхсайхан,Гишүүн,5,7,3,15
S125,Баатар.Лувсан,Хиймэл оюун ухаан,Кибер халдлага илрүүлэх сүлжээний траффик шинжилгээ,Комисс Д,T24,Д.Ганзориг,Гишүүн,6,7,5,18
